<?xml version="1.0" encoding="utf-8"?><feed xmlns="http://www.w3.org/2005/Atom" ><generator uri="https://jekyllrb.com/" version="4.2.2">Jekyll</generator><link href="http://localhost:4000/feed.xml" rel="self" type="application/atom+xml" /><link href="http://localhost:4000/" rel="alternate" type="text/html" /><updated>2022-04-17T18:20:02-04:00</updated><id>http://localhost:4000/feed.xml</id><title type="html">Random Thoughts</title><subtitle>Write an awesome description for your new site here. You can edit this line in _config.yml. It will appear in your document head meta (for Google search results) and in your feed.xml site description.</subtitle><entry><title type="html">Linux System Calls: The Base of a Standard Library</title><link href="http://localhost:4000/linux/%22standard/libraries%22/tutorial/2021/07/25/linux-sys-calls.html" rel="alternate" type="text/html" title="Linux System Calls: The Base of a Standard Library" /><published>2021-07-25T00:00:00-04:00</published><updated>2021-07-25T00:00:00-04:00</updated><id>http://localhost:4000/linux/%22standard/libraries%22/tutorial/2021/07/25/linux-sys-calls</id><content type="html" xml:base="http://localhost:4000/linux/%22standard/libraries%22/tutorial/2021/07/25/linux-sys-calls.html"><![CDATA[<p>Have you ever wondered how the C library works? Or any language’s standard library for that matter? Sure, its easy to understand how certain aspects are done- things like containers, strings, and mathematical functions are generally written in the language itself. But how does the library interact with the underlying operating system? The answer is with system calls. Indeed, many C standard library functions are little more than wrappers around a particular system call.</p>

<p>In this post, we’re going to take a look at system calls and how to implement them.</p>

<h3 id="what-is-a-system-call">What is a System Call?</h3>

<p>To quote Wikipedia (which actually has a very good definition), “a system call is the programmatic way in which a computer program requests a service from the kernel of the operating system”.</p>

<p>Let’s back up. Consider common operations a computer program may do: printing to the screen, reading from the keyboard, creating a file, opening a file, creating a folder, and so forth. How does a program do this?</p>

<p>The short answer is that it doesn’t. Printing to the screen, or reading from the keyboard, or doing anything in the file system is a complicated operation. So complicated, that if every program had to implement these functions themselves, no work would ever get done. That’s where the operating system comes in. The operating system (among other things) provides a clean interface to allow programs to easily access these resources. Because the operating system is a program itself, we can’t access these resources via an ordinary library right off. We have to use a system calls, an interface that allows a program to call the running operating system. Most modern CPUs provide instructions to make this process easier.</p>

<p>You as a programmer don’t have to write these system calls because they are abstracted into libraries, such as the C library. This makes your programs portable and your life easier.</p>

<h3 id="so-why-should-i-care-about-this">So Why Should I Care About This?</h3>

<p>To answer this question, I will assume that we are asking this in context of a programming language designer.</p>

<p>When you create a programming language, you will need a standard library of some sort to access the system resources we mentioned. One option is to just link to the C library. While this may be a good idea for the early stages of development, it is not a good idea as your language matures. If you link to the C library, you have to follow all the C rules, down to linking with the C startup files, which initialize the standard library. And unless your language interpolates with C exactly, you will probably have to have boiler code for more advanced constructs.</p>

<p>Therefore, you should create your own standard library at some point, and to do so you will need to understand system calls. Let’s go through and write a few simple ones to understand how this is done.</p>

<h3 id="getting-started">Getting Started</h3>

<p>System calls are both architecture and OS specific. The OS part shouldn’t surprise you. MacOS, Linux, and Windows all have different system calls and their own way of doing things. In this tutorial, we are going to focus on Linux. I imagine MacOS, being a Unix-like system, is similar, but don’t quote me on it. I have no idea how Windows works, but I’ve heard stories.</p>

<p>Regarding the architecture part, even within Linux, the system call numbers vary from platform to platform. x86-64, x86-32, AArch64, and Arm all have different system call numbers. Because most people are probably running on x86-64, we will focus on that. The calls can all be found in the kernel source, but for more common architectures, you can often find the same information online.</p>

<p>For the four architectures I mentioned, Google has an excellent table: https://chromium.googlesource.com/chromiumos/docs/+/HEAD/constants/syscalls.md</p>

<h3 id="syntax">Syntax</h3>

<p>The system calls themselves have to be done in assembly. Before you panic, don’t worry- you don’t have to implement your standard library in assembly. A common method is to create a platform-specific system call function, and then call that from a higher-level language. However, for the sake of learning, we are going to stick to assembly.</p>

<p>All Linux system calls have a number and up to five arguments. A system call can return a value, but you don’t always need this. On x86-64, the system call register is RAX. The arguments will go in RDI, RSI, RDX, R10, R8, and R9.</p>

<p>Before continuing, I should note: since we are not using a library or a high level language, the starting function is not “main”; it is “_start”. Don’t worry about this for now, just take my word for it. I will reserve discussion around that for another post.</p>

<h3 id="hello-world-and-exit">Hello World and Exit</h3>

<p>Time to get our hands dirty! To start things out, we will write a simple program that exits and returns a number. Consider this source:</p>
<div class="language-plaintext highlighter-rouge"><div class="highlight"><pre class="highlight"><code>.intel_syntax noprefix
.global _start
_start:
    mov rax, 60
    mov rdi, 5
    syscall
</code></pre></div></div>

<p>I’m going to assume you know some assembly, so I’m not going to go through every line. This syntax is compatible with the GNU Assembler which should already be on your system (for the record, I HATE the AT&amp;T syntax, so that’s why I have the first line).</p>

<p>If you look at the table, the system call for “exit” is 60. The first argument specifies the exit code. In this case, we have 5, but any number is fine. Finally, we tell the CPU to call the kernel and exit our program. If you compile and run, you should see the exit code (the “echo $?” means to show the exit code of the last program that was run):</p>

<p><img src="/images/exit.png" alt="" /></p>

<p>Excellent! Now, let’s expand our example, and make it print “Hello World!” to the console.</p>
<div class="language-plaintext highlighter-rouge"><div class="highlight"><pre class="highlight"><code>.intel_syntax noprefix
.data
msg: .string "Hello, World!\n"
.text
.global _start
_start:
    mov rax, 1
    mov rdi, 1
    mov rsi, OFFSET FLAT:msg
    mov rdx, 14
    syscall
    mov rax, 60
    mov rdi, 5
    syscall
</code></pre></div></div>

<p>You’ll notice we still kept the system call for exit. The C library does the same thing when the main function returns. This is because if you don’t, the program will return a segmentation fault after printing. But to return to our print call. Again, looking at the table, you can see that 1 is the system call for write- we are writing to the console. The second argument is for the file descriptor. If you wanted to write to a file, you can use this same system call with the same syntax. However, since we are writing to a console, this argument becomes 1. 1 is still a file descriptor, but it represents STDOUT, a special file read by your terminal. The second argument is a pointer to your string, and the third argument is the length of the string.</p>

<p>If you compile and run, you should see this:</p>

<p><img src="/images/output.png" alt="" /></p>

<h3 id="writing-to-a-file">Writing to a File</h3>

<p>Now let’s do a more complicated example. We will further build onto our example above by creating a file, opening it, writing “Hello World”, and then closing it. Examine this source code:</p>

<div class="language-plaintext highlighter-rouge"><div class="highlight"><pre class="highlight"><code>.intel_syntax noprefix
.data
fileName: .string "./file.txt"
msg: .string "Hello, World!\n"
.text
.global _start
_start:
    /* Create the file */
    mov rax, 85
    mov rdi, OFFSET FLAT:fileName
    mov rsi, 420
    syscall
     
    /* Open the file */
    mov rax, 2
    mov rdi, OFFSET FLAT:fileName
    mov rsi, 2
    mov rdx, 420
    syscall
     
    /* Save the file descriptor */
    mov rcx, rax
     
    /* Write to the file */
    mov rax, 1
    mov rdi, rcx
    mov rsi, OFFSET FLAT:msg
    mov rdx, 14
    syscall
     
    /* Close the file */
    mov rax, 3
    mov rdi, rcx
    syscall
    /* Exit */
    mov rax, 60
    mov rdi, 5
    syscall
</code></pre></div></div>

<p>I won’t go into a ton of detail at this point, but I will cover a few key things. First, the “420” under file creation and opening is the mode- the permissions. This number corresponds to the octal “644”. This means the current user can read and write the file, and everyone else can read it. Next, under file opening, you will notice the “2” for the second argument. This tells the kernel to open the file for reading and writing.</p>

<p>The final thing to note is after the file opening call, you will notice we have the instruction “mov rcx, rax”. This is an example of a system call that returns something- in this case, it returns the file descriptor of the opened file. You will need the file descriptor to write and close it. Ordinarily, this would be saved to memory. However, that requires some complicated setup beyond the scope of this article, so we are going to save it to the RCX register. The choice of RCX is because it won’t get clobbered (erased) by other system calls.</p>

<p>When you compile and run, you should see something like this:</p>

<p><img src="/images/file.png" alt="" /></p>

<p>Congratulations! You have created and written to a file only using system calls!</p>

<h3 id="conclusion">Conclusion</h3>

<p>There’s a lot more we can do with this- just scroll through the system call list. In my last big compiler project, the Ida language/compiler, the standard library eventually had capabilities to allocate and free memory; create, open, read, write, and close files; fork and run programs; and basic file system operations like creating directories. This particular case was a little easier because I had a native system call interface in the language. But still, its easy to expose a system call function to build your standard library.</p>

<p>If you’re interested in making a library or knowing how one works, hopefully this presents a good starting point.</p>

<p>Thanks for reading!</p>]]></content><author><name></name></author><category term="linux" /><category term="&quot;Standard" /><category term="Libraries&quot;" /><category term="tutorial" /><summary type="html"><![CDATA[Have you ever wondered how the C library works? Or any language’s standard library for that matter? Sure, its easy to understand how certain aspects are done- things like containers, strings, and mathematical functions are generally written in the language itself. But how does the library interact with the underlying operating system? The answer is with system calls. Indeed, many C standard library functions are little more than wrappers around a particular system call.]]></summary></entry><entry><title type="html">The Compilation Process: Beginning to End</title><link href="http://localhost:4000/compilers/2021/07/18/cc_process.html" rel="alternate" type="text/html" title="The Compilation Process: Beginning to End" /><published>2021-07-18T00:00:00-04:00</published><updated>2021-07-18T00:00:00-04:00</updated><id>http://localhost:4000/compilers/2021/07/18/cc_process</id><content type="html" xml:base="http://localhost:4000/compilers/2021/07/18/cc_process.html"><![CDATA[<p>In my last post, I briefly mentioned the difference between a compiler and an interpreter. I also mentioned an assembler. Understanding the difference and purpose between those tools are crucial before we can go any further. Therefore, we will look at that today.</p>

<h4 id="what-exactly-is-a-compiler">What Exactly is a Compiler?</h4>

<p>To a computer scientist, a compiler is a program that takes source code and translates it to assembly.</p>

<p>And that’s all.</p>

<p>Consider this C program:</p>
<div class="language-plaintext highlighter-rouge"><div class="highlight"><pre class="highlight"><code>int main() {
    puts("Hello, world!");
    int x = 10;
    return x + 8;
}
</code></pre></div></div>

<p>I’m not about explain what that does. However, if you go run it through a C compiler such as GCC, you will end up with this:</p>
<div class="language-plaintext highlighter-rouge"><div class="highlight"><pre class="highlight"><code>.LC0:
        .string "Hello, world!"
main:
        push    rbp
        mov     rbp, rsp
        sub     rsp, 16
        mov     edi, OFFSET FLAT:.LC0
        call    puts
        mov     DWORD PTR [rbp-4], 10
        mov     eax, DWORD PTR [rbp-4]
        add     eax, 8
        leave
        ret
</code></pre></div></div>

<p>That gibberish you ended up with is called assembly code (or assembly language). Assembly language is a human-readable representation of the underlying machine instructions- it tells the computer specifically what to do. A computer can’t understand C, C++, or any other language you throw at it. It can only understand its own specific assembly language (we’ll save this for another post, but every CPU has its own assembly language. Don’t worry about this for right now).</p>

<p>This is what a compiler does. It reads your C source file, builds a representation of it that it can understand, analyzes it, and finally spits out assembly.</p>

<p>However, the CPU still can’t understand your generated assembly file. The assembly has to be translated into the underlying numerical instructions that electronic hardware can understand. As a result, we need an assembler.</p>

<h4 id="the-assembler">The Assembler</h4>

<p>An assembler can be thought of as a compiler for assembly language. However, an assembler is not considered the same thing as a compiler in computer science. Compilers do a lot of fancy things to the source code- besides the fact that parsing source code and making sense of it is much more difficult than parsing assembly. Assemblers read the file, and make a direct 1:1 translation to the binary file.</p>

<p>Its also important to understand that while compilers often can generate assembly for multiple architectures (GCC can compile C code for your desktop, your phone, your Raspberry Pi, your Arduino, and many other things), assemblers can only assemble one specific assembly language. That’s why this step is kept separate from the compiler. Its both easier and makes more sense for a compiler to generate code, and call an assembler, rather than trying to do everything itself.</p>

<h4 id="linking">Linking</h4>

<p>Assembly is actually not the final step of the compilation process (unless you’re making an operating system, but that’s another subject for another day). Before you can run your assembled program, you have to link it.</p>

<p>In addition to being in a format that the CPU can understand, the final compiled program also has to be in a format the operating system can understand. To run your program, the OS will load it, load any libraries needed by it, and point the CPU to the section of memory your program was loaded to. While assemblers can generate the OS-specific format, they can’t resolve any libraries your program needs. Which is where the linker comes in.</p>

<p>I assume you know what a library is. If not, in a nutshell its a collection of compiled, executable code that many programs can use. However, the operating system has to know which library to load when it loads your program. The linker modifies the file generated by the assembler to contain this information. Once the process is done, you have a finished executable you can run.</p>

<h4 id="interpreters">Interpreters</h4>

<p>Not every language is compiled, however. Languages like HTML, Javascript, and Python are immediately run when you want them. And Java, as we know, is run by the JVM (Java Virtual Machine). What happens in this case?</p>

<p>This is where interpreters come in. Interpreters are basically programs that can run another program. Interpreters themselves are almost always compiled. After all, an interpreter running an interpreter would be painfully slow.</p>

<p>Other than perhaps HTML, most interpreted languages aren’t run directly from source. Doing so, especially if its a program run many times, is time consuming and slow. As a result, many interpreters cache programs into bytecode. Bytecode is a virtual architecture, if you will. It sill requires another interpreter to run it, but parsing a file of numbers is much faster than parsing a string. If you’ve ever seen Python run, for example, you may have noticed the <code class="language-plaintext highlighter-rouge">__pycache__</code> folder. This folder contains Python bytecode.</p>

<p>Java and the JVM is a particularly good example for this. The difference, however, is that the bytecode is not internal. You build Java specifically for the JVM, and then take your bytecode with you. Java is considered a separate compiler and virtual machine, but the overall concept is the same to most other interpreters.</p>

<p>Interpreters, even if you go the bytecode path, are generally easier to write then compilers. Because everything runs in userspace- within the operating system’s environment- you don’t have to worry about the underlying architecture and more difficult concepts such as assembling and linking. Of course, there is a tradeoff. Interpreters, even with bytecode, are always going to be slower than compiled languages.</p>

<h4 id="the-big-picture">The Big Picture</h4>

<p>Okay, let’s tie all this together.</p>

<p>A compiler reads your source file, analyzes it, and generates an assembly file for your specific computer architecture. An assembler will then translate the assembly file into a binary form that the physical CPU can understand. Finally, a linker will come and make adjustments so your operating system can load and run your program.</p>

<p>If you want to side-step this process, you can write an interpreter, which will load an run your source code right then and there (though perhaps with an intermediate step of translating to bytecode code). This process is slower, but is also easier to make.</p>

<p>Hopefully this makes the concepts surrounding compilers understandable. While I’ve done work in all the stages of compiling, I tend to stay mainly in the compiler area. For the most part, that’s what I’ll be focusing on.</p>

<p>Thanks for reading!</p>]]></content><author><name></name></author><category term="compilers" /><summary type="html"><![CDATA[In my last post, I briefly mentioned the difference between a compiler and an interpreter. I also mentioned an assembler. Understanding the difference and purpose between those tools are crucial before we can go any further. Therefore, we will look at that today.]]></summary></entry><entry><title type="html">Disassembling a Dell Inspiron Laptop</title><link href="http://localhost:4000/tips/tutorial/2021/07/11/disassemble_laptop.html" rel="alternate" type="text/html" title="Disassembling a Dell Inspiron Laptop" /><published>2021-07-11T00:00:00-04:00</published><updated>2021-07-11T00:00:00-04:00</updated><id>http://localhost:4000/tips/tutorial/2021/07/11/disassemble_laptop</id><content type="html" xml:base="http://localhost:4000/tips/tutorial/2021/07/11/disassemble_laptop.html"><![CDATA[<p><img src="/images/dell_header.jpg" alt="" /></p>

<p>I am long-time Dell computer user. My first computer was a large Dell desktop originally running Windows XP, and then Linux Mint when I inherited it. I had an HP after that, which was a complete piece of junk, and after that for college, I got a Dell Inspiron laptop. Since then, I’ve also bought a Dell XPS for development and personal home use (thanks to its many drives). My family also uses Dell, with two members having Dell Inspirons as well.</p>

<p>While I have a lot of good to say about Dell machines, the only thing that annoys me is the drives aren’t always the best for the money. When I bought mine, it had a 2TB hard drive, which is great if you need the space, but for most else it is painfully slow. My mom, who has 20 years of family photos, also had a similar problem (only in her case, the drive was too small). I upgraded my drive about a year after getting mine, and this past weekend, I swapped it out into her laptop and got a new drive for myself.</p>

<p>Today, I’m going to give a quick overview on how to disassemble one of these laptops. The Dell Inspirons have a similar structure regardless of the model, so you should be good to follow through regardless of what you have. In my case, I have a Dell Inspiron 7573.</p>

<h3 id="disclaimer">Disclaimer…</h3>

<p>I’ve taken apart Inspiron laptops several times, and I’ve never had an issue. You shouldn’t either if you follow instructions and pay attention to what you are doing.</p>

<p>That said, I am not responsible if you mess up your computer by doing this. If something bothers you, don’t do it. You have been warned.</p>

<h3 id="disassembly">Disassembly</h3>

<p>First, you need to unscrew the bottom. The screws near the edge near the front where it curves come out, but depending on the model, the rest may or may not come out (some cases have some kind of prevention mechanism to keep you from losing the screws). On my 7573, they stayed in, but in my mom’s lower-end machine, they came out. Just be careful not to lose them.</p>

<p><img src="/images/step1.jpg" alt="" /></p>

<p>Getting the cover off is tricky. Start by lifting it open from the back corners, by the hinges:</p>

<p><img src="/images/step2.jpg" alt="" /></p>

<p>Do this on both sides, and when its up enough, you should be able to lift it near the front. Although it sounds counter-intuitive, the case actually opens on the front first, and lifts off the back. Some sources may recommend using tools, but I’ve been fine just using my hands. Once you get it open, you will see the inside:</p>

<p><img src="/images/step3.jpg" alt="" /></p>

<p>Before you do anything to it, remove the battery. There are two screws holding it in on each side (so four total):</p>

<p><img src="/images/step4.jpg" alt="" /></p>

<p>When you get the screws out, unplug it from the motherboard. The cord on the battery stays attached to the battery, not the motherboard:</p>

<p><img src="/images/step5.jpg" alt="" /></p>

<p>The Inspirons have ports for regular SATA drives and NVMe SSDs. There are two types of NVMe SSDs: the full-length ones, and the half-length ones (I’m sure there’s an actual technical name for it, but I’m not sure). Full-length SSDs will go right in, but the half-length will not unless you have a brace. My mom’s computer came with a brace, but it didn’t fit mine, and I couldn’t find one so I ended up just getting a new SATA SSD.</p>

<p>The case for the SATA drive looks like this:</p>

<p><img src="/images/step6.jpg" alt="" /></p>

<p>The number of screws holding it will depend on the model, but it should be self-evident what screws are which. Unhook the drive (if you have an existing one), unscrew the case, and pull it out.</p>

<p>The drive will be screwed into the case, so just pull out the four screws holding it in- two on each side:</p>

<p><img src="/images/step7.jpg" alt="" /></p>

<p>This is what your machine will look like with the battery and hard drive out. I include it for reference purposes. On the 7573, the NVMe port is that black area between the fan and the HDD area. On my mom’s computer, it was located on the side near the front, I think near the battery. If you’re looking to upgrade the RAM, it is under that big black square near the opposite side from the fan.</p>

<p><img src="/images/step8.jpg" alt="" /></p>

<p>When you are finished, simply put it all back together in reverse order. If you put a new drive in, make sure to have a USB ready so you can install the OS on it. If not, you’ll get stuck in a BIOS loop when you turn it on. I’m not sure what newer models do, but old models would just run in a loop forever until you turn the computer off.</p>

<h3 id="conclusion">Conclusion</h3>

<p>Although taking a laptop apart may seem like a scary process, its actually really easy. While I don’t have experience taking other models apart, they should be fairly similar to work on. Regardless of what you have, hopefully this gives you a good starting point.</p>

<p>Until next time!</p>]]></content><author><name></name></author><category term="tips" /><category term="tutorial" /><summary type="html"><![CDATA[]]></summary></entry><entry><title type="html">How I Started With Compilers</title><link href="http://localhost:4000/experience/2021/07/04/how_started_cc.html" rel="alternate" type="text/html" title="How I Started With Compilers" /><published>2021-07-04T00:00:00-04:00</published><updated>2021-07-04T00:00:00-04:00</updated><id>http://localhost:4000/experience/2021/07/04/how_started_cc</id><content type="html" xml:base="http://localhost:4000/experience/2021/07/04/how_started_cc.html"><![CDATA[<p>If you have any interest in compilers, you may be wondering how to get started. Writing a compiler can be a daunting task if you have never done it before. Today, I’m going to share how I got started with compilers and what my learning journey looked like. I’m not implying, however, that this is the only path. Hopefully it will give you an idea if you are interested.</p>

<p>Before diving in, I want to give a context of time. Writing compilers is not a beginner’s task. Even interpreters beyond something like a simple BASIC interpreter isn’t easy at first. I’ve been programming for seven years now, and I’ve been doing compilers for the last three of those. However, I’m not saying you need four years of programming experience before diving in. It’s solely depends on how comfortable you are with your programming knowledge and skills.</p>

<h3 id="my-first-compilers">My First Compilers</h3>

<p>I remember my first compiler. I wrote it back in the summer of 2018 in the free time I had while working at my first job. I actually still have the source. The source is awful, and the code it generates is even worse, but its a trip down memory lane.</p>

<p>After trying my hand at writing that first compiler, I took a step back, and wrote a very simple BASIC interpreter (which is another trip down memory lane). For those wondering what an interpreter is, an interpreter is a program that runs but does not compile a programming language. There are many more fine details that go into this, which I’ll save for the next post. But suffice it to say that writing an interpreter is a little easier than a compiler since you are not going to generate assembly code.</p>

<p>Over my first school year and during my little free time in the summer after, I wrote a few more interpreters. The next was another BASIC interpreter, this time written in Rust. After that, I began making my own programming languages, starting with an interpreter for Quik.</p>

<h3 id="quik-and-my-first-job">Quik and My First Job</h3>

<p>I eventually stayed with my Quik language for about it a year, which was fun journey watching it evolve. Eventually, it had three iterations. The first was the interpreter I wrote about above. The second was what would become my first compiler. This first Quik compiler was awful- even then I thought it was awful. But it ended up landing me my first computer science job, which in turn has led to all my jobs since.</p>

<p>The following December (December 2019- just before covid19), I rewrote Quik from scratch, this time creating an AST modeled after the compiler I was working on at the time in my research job. I ended up staying with this for about four months or so. But it was a fun project. It became my first compiler to go through the full process of parsing -&gt; AST -&gt; lowering -&gt; codegen, and it generated rather good code.</p>

<h3 id="compilers-today">Compilers Today</h3>

<p>After Quik, I created a fork that became a simple C compiler. In hindsight, that project was kind of a flop, though it did teach me a lot. Nevertheless, it was enough of a flop to make me take a step back for a few months. I was working my first internship at the time anyway, so it was because I was busy.</p>

<p>Near the end of summer, I got going again by writing my first assembler. I began a compiler to go with it, but I was rather tired of C++ by that point. The details are a little hazy to me because last fall, especially the early part, is a suppressed memory to me. But I did begin working on Ida in September. That carried through to January, and after a few month pause, I began working on a new compiler to help me learn LLVM (its not released yet).</p>

<h3 id="to-summarize">To Summarize…</h3>

<p>Hopefully I didn’t bore you to death with this. The purpose is to show evolution. My first projects were awful, but they worked and taught me something. Each one afterwards became a little better, and helped me learn a little more. Of course, its important to understand that there’s no “endpoint”. My goal is never to write a perfect compiler, but to write one that’s better than the last.</p>

<p>This post was a big long story to basically tell you this: If you’re interested in compilers, sure you need to read and learn a little first, but the best way to learn is to dive in and get your hands dirty. Start with a simple interpreter. Write something that can parse an expression (ie, parse “int x = 10”. If you’ve never done it before, its harder than you think). Then turn that into something that can parse a whole program- a whole list of expressions. If you stay with it, it will eventually turn into assembly.</p>

<p>Over the next few weeks, I’m going to continue talking about the core concepts to compilers. Eventually, I will start writing actual examples to help you understand the concepts.</p>

<p>Stay tuned, and thanks for reading!</p>]]></content><author><name></name></author><category term="experience" /><summary type="html"><![CDATA[If you have any interest in compilers, you may be wondering how to get started. Writing a compiler can be a daunting task if you have never done it before. Today, I’m going to share how I got started with compilers and what my learning journey looked like. I’m not implying, however, that this is the only path. Hopefully it will give you an idea if you are interested.]]></summary></entry><entry><title type="html">Recent Readings</title><link href="http://localhost:4000/reading/2021/06/30/recent-reading.html" rel="alternate" type="text/html" title="Recent Readings" /><published>2021-06-30T00:00:00-04:00</published><updated>2021-06-30T00:00:00-04:00</updated><id>http://localhost:4000/reading/2021/06/30/recent-reading</id><content type="html" xml:base="http://localhost:4000/reading/2021/06/30/recent-reading.html"><![CDATA[<p>I’ve been doing a lot of reading lately. In fact, I’ve blown through about three books in the past month or so (probably the past month and a half). I do like fiction and other genres, but I do also read my fair share of self-help literature, especially where technology is concerned.</p>

<h4 id="deep-work">Deep Work</h4>

<p>One could call this the Bible of Work. Written by a computer scientist, Dr. Cal Newport, the book talks about the necessity of deep focus in work today, why it’s valuable, and how to get to train yourself in it. Depending on how long you’ve looked at my old site, you will have noticed that I referenced the ideas a lot through my various anti-distraction experiments.</p>

<p>This is actually the third time reading this for me, and it’s one I try to re-read often, especially when starting a new job. Over-connection has become the norm at work, and when you’re trying to accomplish a deep task, such as writing a complex program, trying to pay attention to email, notifications, and a bunch of other stuff distracts you and takes you away from that.</p>

<p>In the technology debate, I highly recommend anything by Cal Newport because he does a very good job A) presenting the problem, B) presenting why it’s a problem (why it matters), and C) presenting an attainable solution. The last is especially important. There’s no sense in saying why technology is a problem if you don’t have a way to solve it.</p>

<h4 id="no-more-mr-nice-guy">No More Mr. Nice Guy</h4>

<p>This is a new one for me, and was recommended by a good friend of mine. And to be fair, it’s more of a men’s book. But it’s one I highly recommend. Despite the title, the book doesn’t teach you how to be an asshole. In a nutshell, it addresses how to overcome “Nice guy syndrome”, which has been a growing occurrence since World War II. You could say it basically teaches men how to be men.</p>

<p>That said though, it by no means is anything against women. If anything, it’s the opposite. Nor do you have to fully fit the “nice guy” description to benefit from it. I honestly found it very refreshing to see a book like that in this day and age and its one I found very inspiring.</p>

<h4 id="the-subtle-art-of-not-giving-a-fk">The Subtle Art of Not Giving a F**k</h4>

<p>Yeah I know. Anyone who admits to reading that probably gets some eyebrows raised. This was a re-read for me; I first read it about a year ago. Honestly, this is something I should probably read each year.</p>

<p>The reason I like this book so much is because it doesn’t actually tell you anything other than reality. It’s the opposite of most self-help literature- you know, the motivational feel-good-about-yourself stuff that doesn’t actually solve anything. It’s also not a book about stoicism or not caring about anything. The entire premise is how to direct your energy and what to care about (and how to figure the latter out). It largely calls into question a lot of the undercurrents in our culture today.</p>

<p>Fair warning though, if offensive language bothers you, you shouldn’t read this. Usually, I feel that people who use tons and tons of offensive language do so to make themselves sound important or smart when they actually aren’t, but in this case it adds a lot of weight to the message. For a technology joke, it’s very Linus Torvalds-esque.</p>

<p>My only real complaint is that I wish he had left the last chapter out, or at least had a different underlying premise. I respect people who think that way, but I feel he went from reality to what he believed, which somewhat takes away from the message. But that’s just my opinion. Its definitely still a re-read for me.</p>]]></content><author><name></name></author><category term="reading" /><summary type="html"><![CDATA[I’ve been doing a lot of reading lately. In fact, I’ve blown through about three books in the past month or so (probably the past month and a half). I do like fiction and other genres, but I do also read my fair share of self-help literature, especially where technology is concerned.]]></summary></entry><entry><title type="html">Running MacOS on Linux</title><link href="http://localhost:4000/interesting/linux/tutorial/2021/06/27/macos-linux.html" rel="alternate" type="text/html" title="Running MacOS on Linux" /><published>2021-06-27T00:00:00-04:00</published><updated>2021-06-27T00:00:00-04:00</updated><id>http://localhost:4000/interesting/linux/tutorial/2021/06/27/macos-linux</id><content type="html" xml:base="http://localhost:4000/interesting/linux/tutorial/2021/06/27/macos-linux.html"><![CDATA[<p><img src="/images/macos.png" alt="" /></p>

<p>A few weeks ago, I stumbled across an article on installing and running MacOS in a Docker container, and having absolutely nothing to do with my life the other day, I decided to try it. I had managed to get MacOS running in VirtualBox in the past, but performance wasn’t great, installation was difficult, and I could go on. So far, this seems to be working rather well. The installation was super easy- much, much easier than the VM method.</p>

<p>I’m not going to walk you through how to do this right now, so here’s the link if you’re interested: <a href="https://www.linuxuprising.com/2021/03/install-macos-big-sur-or-catalina-in.html">https://www.linuxuprising.com/2021/03/install-macos-big-sur-or-catalina-in.html</a></p>

<h3 id="why-would-i-want-to-do-this">Why Would I Want To Do This?</h3>

<p>Other than the coolness factor, this a great way to do application testing on MacOS if you don’t have easy access to a Mac. Someday I’d like to upgrade to a Mac now that the M1 chips are out, but as a developer, my needs would be closer to the MacBook Pro range, and I have a hard time envisioning myself spending on one computer what my laptop and desktop combined cost. But anyway: The short answer is for testing.</p>

<p>This was very useful even when I had the VirtualBox version going. I ended up getting most of my desktop applications running on MacOS as a result. Stuff from the Apple Store never seemed to work, but it still ran. This new Docker version is the opposite. I got XCode working, along with the Apple Developer tools.</p>

<h3 id="system-specs">System Specs</h3>

<p>I’m not sure of the minimum specs, but you will need a fairly decent computer for this to run well. I run on a Dell desktop, and at the time of writing, its using about 6 GB of memory, but its certainly running up my processors. I got by running the VirtualBox version on my laptop, which has 12GB of RAM and an 8-core i7 processor. I would say that would be your minimum.</p>

<p>Since this is running Docker, however, you can probably get by with lower specs. Docker is a container solution, not a full virtualization solution, so there is a lot less overhead. However, the disk image takes up a fair among of disk space, so make sure you have plenty of disk space. And I would highly recommend using either an SSD or an M.2.</p>

<p>As far as performance goes, I haven’t done extensive testing, but after installation, I installed XCode, the development tools, the Brew package manager, and built and ran a few things. Performance wasn’t great at first when it was installing and starting for the first time, but afterwards it ran really well. I wouldn’t say at near-native speeds, but certainly fast enough to justify using it.</p>

<h3 id="pictures">Pictures</h3>

<p>Installing XCode and the developer tools (it actually didn’t take long despite what the progress indicators said):</p>

<p><img src="/images/macos_installing_stuff.png" alt="" /></p>

<p>Here are two of my programs, including my text editor running in it:</p>

<p><img src="/images/macos_programs_running.png" alt="" /></p>

<p>A little hello-world MacOS program in XCode:</p>

<p><img src="/images/macos_xcode.png" alt="" /></p>]]></content><author><name></name></author><category term="interesting" /><category term="linux" /><category term="tutorial" /><summary type="html"><![CDATA[]]></summary></entry><entry><title type="html">New Application: Wordpad</title><link href="http://localhost:4000/project/updates/2021/06/24/uds-wordpad.html" rel="alternate" type="text/html" title="New Application: Wordpad" /><published>2021-06-24T00:00:00-04:00</published><updated>2021-06-24T00:00:00-04:00</updated><id>http://localhost:4000/project/updates/2021/06/24/uds-wordpad</id><content type="html" xml:base="http://localhost:4000/project/updates/2021/06/24/uds-wordpad.html"><![CDATA[<p><img src="/images/wordpad.png" alt="" /></p>

<p>I recently pushed a new desktop application to Github: <a href="https://github.com/patrickf2000/uds-wordpad">https://github.com/patrickf2000/uds-wordpad</a>.</p>

<p>UDS-Wordpad is a simple rich text editor- a mini word processor if you will. It is capable of editing rich text files, plain text files, and if you have a recent version of Qt5, Markdown files. Here is a list of some of the features:</p>

<ul>
  <li>Multi-document interface</li>
  <li>Font styles- bold, italics, and underline</li>
  <li>Font color (rich text files only)</li>
  <li>Text styles- paragraph blocks, different heading sizes, etc</li>
  <li>Print support</li>
  <li>Export to PDF support</li>
  <li>Fully cross-platform- tested on Linux and Windows</li>
</ul>

<p>The application itself is written in C++ and uses the Qt5 libraries. Please note that since this is the first version, there are bugs. I am aware of some of them, but I’m sure there are others I’m not. Since this is a hobby app, don’t expect it to be perfect.</p>

<p>Wordpad is actually my first desktop application completely written from scratch in quite a while. It was a lot of fun for a change, and has been a useful application for me. Hopefully it will be for you as well!</p>]]></content><author><name></name></author><category term="Project" /><category term="Updates" /><summary type="html"><![CDATA[]]></summary></entry><entry><title type="html">Posting Schedule</title><link href="http://localhost:4000/none/2021/06/20/post_schedule.html" rel="alternate" type="text/html" title="Posting Schedule" /><published>2021-06-20T00:00:00-04:00</published><updated>2021-06-20T00:00:00-04:00</updated><id>http://localhost:4000/none/2021/06/20/post_schedule</id><content type="html" xml:base="http://localhost:4000/none/2021/06/20/post_schedule.html"><![CDATA[<p>Surprisingly I’ve already had some views on this site. For any newcomers or returning readers, I just wanted to make a quick note that my posting schedule is tentatively going to be each Sunday. I generally write posts ahead of time and schedule them, so they will appear early Sunday morning. These will be the regular posts; I may include a few other miscellaneous things on Wednesdays, but probably not more frequent than this.</p>]]></content><author><name></name></author><category term="none" /><summary type="html"><![CDATA[Surprisingly I’ve already had some views on this site. For any newcomers or returning readers, I just wanted to make a quick note that my posting schedule is tentatively going to be each Sunday. I generally write posts ahead of time and schedule them, so they will appear early Sunday morning. These will be the regular posts; I may include a few other miscellaneous things on Wednesdays, but probably not more frequent than this.]]></summary></entry><entry><title type="html">Why Compilers?</title><link href="http://localhost:4000/experience/2021/06/20/why-compilers.html" rel="alternate" type="text/html" title="Why Compilers?" /><published>2021-06-20T00:00:00-04:00</published><updated>2021-06-20T00:00:00-04:00</updated><id>http://localhost:4000/experience/2021/06/20/why-compilers</id><content type="html" xml:base="http://localhost:4000/experience/2021/06/20/why-compilers.html"><![CDATA[<p>You may be wondering, of all the areas of computer science, how did I end up going into compilers?</p>

<p>This question is actually a little hard for me to answer because I don’t really remember how I began. Or why. I started down my compiler path over the summer before college by writing a simple BASIC interpreter. But even then, parsing wasn’t new to me. My last project before the BASIC interpreter was a spreadsheet application. It included formulas, which required some fair knowledge of parsing. I ended up applying this to write the interpreter since parsing a mathematical spreadsheet formula isn’t terribly different from a variable expression.</p>

<p>Now that I’ve thought about it, I think it stems from two areas: my strong interest in programming languages, and my equally strong interest in hardware architectures.</p>

<p>If you scroll through my Github page, you will notice that I’ve played with a lot of languages. Yes, most of what’s there is C++, but I have tried to make things in other languages. Over the past year of covid19, I’ve dived deeper into this, trying some new languages including Ada and Rust. But I don’t only like to try languages. I like to design my own to. To me, there’s very little as satisfying as designing a language, implementing it, and seeing a program written in it build and run like any other program on your computer. And its also very challenging. You may think its easy to design a language, but when you start trying to write anything more complicated than “Hello World”, you’ll realize this isn’t so.</p>

<p>I also love working close to the hardware. I really like doing things in assembly, but I don’t love writing it. Therefore, I write a compiler to do it for me. I find hardware architectures very interesting- basically how the machine works and does things. I also find it really interesting how a certain programming construct can map to a hardware instruction (or some cases, a group of instructions). Pretty much all my compilers predominately target x86, but I have targeted Arm and RISC-V in the past, which was a lot of fun.</p>

<p>All areas of computer science have merit, and even if you aren’t in compilers, you may have different reasons for why you chose your area. But this is why I love this area so much.</p>]]></content><author><name></name></author><category term="experience" /><summary type="html"><![CDATA[You may be wondering, of all the areas of computer science, how did I end up going into compilers?]]></summary></entry><entry><title type="html">Welcome!</title><link href="http://localhost:4000/none/2021/06/16/welcome.html" rel="alternate" type="text/html" title="Welcome!" /><published>2021-06-16T00:00:00-04:00</published><updated>2021-06-16T00:00:00-04:00</updated><id>http://localhost:4000/none/2021/06/16/welcome</id><content type="html" xml:base="http://localhost:4000/none/2021/06/16/welcome.html"><![CDATA[<p>Welcome back!</p>

<p>Depending on if you’ve seen my old site, you may have been expecting this change. If not, then welcome!</p>

<p>For the past year, I’ve been maintaining a simple statically-generated website hosted on Github pages. It was a blog and portfolio site, which I managed to do an okayish job keeping up with, but not my best. As one of my summer projects, I wanted to give it a reboot and turn my site into a serious blog. This new site is the product of that.</p>

<p>What is new and what’s old?</p>

<p>My site still will function as a personal and project portfolio, as the original did. I still have my projects page, a contact page, and an about page where you can find some professional information about me. The main difference is with the blog. On my original site, the blog had some serious articles, but the topics were kind of all over the place with no regular schedule. I want to make this a serious project.</p>

<p>So what will I be covering? I still want to cover a range of subjects that I find interesting, but the central theme will be technology, and the even more central theme of that will be compilers and programming-language related tools. Compilers are my favorite area of computer science, and the area I have spent the most time in, both in personal projects and on a professional level. I also feel that it is a very underappreciated area of computer science, especially among people in my generation who are entering the field. My goal is to hopefully stir some of that interest, and make the field more approachable.</p>

<p>But like I said, I won’t only be writing about compilers. I hope you stay tuned, and enjoy this site!</p>]]></content><author><name></name></author><category term="none" /><summary type="html"><![CDATA[Welcome back!]]></summary></entry></feed>