<?xml version="1.0"?>
<syntax name="C">
	<mime type="text/x-csrc" />
	<mime type="text/x-chdr" />
	<extension name=".c" />
	<extension name=".h" />
	<single>
		<!--keywords-->
		<group>
			<format color="#cc33ff" weight="75" />
			<pattern>
				<start>\b</start>
				<end>\b</end>
			</pattern>
			<item>asm</item>
			<item>break</item>
			<item>case</item>
			<item>catch</item>
			<item>continue</item>
			<item>default</item>
			<item>do</item>
			<item>else</item>
			<item>enum</item>
			<item>for</item>
			<item>goto</item>
			<item>if</item>
			<item>return</item>
			<item>sizeof</item>
			<item>struct</item>
			<item>switch</item>
			<item>typedef</item>
			<item>while</item>
		</group>
		<!--datatypes-->
		<group>
			<format color="#33cc33" weight="75" />
			<pattern>
				<start>\b</start>
				<end>\b</end>
			</pattern>
			<item>auto</item>
			<item>char</item>
			<item>const</item>
			<item>double</item>
			<item>extern</item>
			<item>float</item>
			<item>int</item>
			<item>long</item>
			<item>register</item>
			<item>short</item>
			<item>signed</item>
			<item>static</item>
			<item>unsigned</item>
			<item>void</item>
			<item>volatile</item>
		</group>
		<!--single-line comments-->
		<group>
			<format color="#0066ff" weight="75" />
			<pattern>
				<start></start>
				<end>[^\n]*</end>
			</pattern>
			<item>//</item>
		</group>
		<!--preprocessor-->
		<group>
			<format color="#996600" weight="75" />
			<pattern>
				<start></start>
				<end>[^\n]*</end>
			</pattern>
			<item>#</item>
		</group>
		<!--double quotes-->
		<group>
			<format color="#ff33cc" weight="75" />
			<pattern>
				<start>"</start>
				<end>[^"]*"</end>
			</pattern>
			<item></item>
		</group>
		<!--single quotes-->
		<group>
			<format color="#ff33cc" weight="75" />
			<pattern>
				<start>'</start>
				<end>[^']*'</end>
			</pattern>
			<item></item>
		</group>
	</single>
	<multi>
		<!--multiline comments-->
		<group>
			<format color="#0066ff" weight="75" />
			<item>
				<start>/\*</start>
				<end>\*/</end>
			</item>
		</group>
	</multi>
</syntax>
