<?xml version="1.0"?>
<syntax name="C#">
	<mime type="text/x-csharp" />
	<extension name=".cs" />
	<single>
		<!--keywords-->
		<group>
			<format color="#cc33ff" weight="75" />
			<pattern>
				<start>\b</start>
				<end>\b</end>
			</pattern>
			<item>abstract</item>
			<item>as</item>
			<item>base</item>
			<item>break</item>
			<item>case</item>
			<item>catch</item>
			<item>checked</item>
			<item>class</item>
			<item>const</item>
			<item>continue</item>
			<item>default</item>
			<item>delegate</item>
			<item>do</item>
			<item>else</item>
			<item>enum</item>
			<item>event</item>
			<item>explicit</item>
			<item>extern</item>
			<item>finally</item>
			<item>fixed</item>
			<item>for</item>
			<item>foreach</item>
			<item>goto</item>
			<item>if</item>
			<item>implicit</item>
			<item>in</item>
			<item>interface</item>
			<item>internal</item>
			<item>is</item>
			<item>lock</item>
			<item>namespace</item>
			<item>new</item>
			<item>out</item>
			<item>override</item>
			<item>params</item>
			<item>private</item>
			<item>readonly</item>
			<item>ref</item>
			<item>return</item>
			<item>sealed</item>
			<item>sizeof</item>
			<item>stackalloc</item>
			<item>static</item>
			<item>struct</item>
			<item>switch</item>
			<item>this</item>
			<item>throw</item>
			<item>try</item>
			<item>typeof</item>
			<item>unchecked</item>
			<item>unsafe</item>
			<item>using</item>
			<item>virtual</item>
			<item>void</item>
			<item>volatile</item>
			<item>while</item>
		</group>
		<!--datatypes-->
		<group>
			<format color="#33cc33" weight="75" />
			<pattern>
				<start>\b</start>
				<end>\b</end>
			</pattern>
			<item>bool</item>
			<item>byte</item>
			<item>char</item>
			<item>decimal</item>
			<item>double</item>
			<item>float</item>
			<item>int</item>
			<item>long</item>
			<item>object</item>
			<item>operator</item>
			<item>sbyte</item>
			<item>short</item>
			<item>string</item>
			<item>uint</item>
			<item>ulong</item>
			<item>ushort</item>
			<!--Some editors highlight these last three differently-->
			<item>false</item>
			<item>null</item>
			<item>true</item>
		</group>
		<!--single-line comments-->
		<group>
			<format color="#0066ff" weight="75" />
			<pattern>
				<start></start>
				<end>[^\n]*</end>
			</pattern>
			<item>//</item>
		</group>
		<!--preprocessor-->
		<group>
			<format color="#996600" weight="75" />
			<pattern>
				<start></start>
				<end>[^\n]*</end>
			</pattern>
			<item>#</item>
		</group>
		<!--double quotes-->
		<group>
			<format color="#ff33cc" weight="75" />
			<pattern>
				<start>"</start>
				<end>[^"]*"</end>
			</pattern>
			<item></item>
		</group>
		<!--single quotes-->
		<group>
			<format color="#ff33cc" weight="75" />
			<pattern>
				<start>'</start>
				<end>[^']*'</end>
			</pattern>
			<item></item>
		</group>
	</single>
	<multi>
		<!--multiline comments-->
		<group>
			<format color="#0066ff" weight="75" />
			<item>
				<start>/\*</start>
				<end>\*/</end>
			</item>
		</group>
	</multi>
</syntax>
