<?xml version="1.0"?>
<syntax name="CSS">
	<mime type="text/css" />
	<extension name=".css" />
	<single>
		<!--Properties-->
		<group>
			<format color="#008060" weight="75" />
			<pattern>
				<start>\b</start>
				<end>\b</end>
			</pattern>
			<item>align-content</item>
			<item>align-items</item>
			<item>align-self</item>
			<item>all</item>
			<item>animation</item>
			<item>animation-delay</item>
			<item>animation-direction</item>
			<item>animation-duration</item>
			<item>animation-fill-mode</item>
			<item>animation-iteration-count</item>
			<item>animation-name</item>
			<item>animation-play-state</item>
			<item>animation-timing-function</item>
			<item>backface-visibility</item>
			<item>background</item>
			<item>background-attachment</item>
			<item>background-blend-mode</item>
			<item>background-clip</item>
			<item>background-color</item>
			<item>background-image</item>
			<item>background-origin</item>
			<item>background-position</item>
			<item>background-repeat</item>
			<item>background-size</item>
			<item>border</item>
			<item>border-bottom</item>
			<item>border-bottom-color</item>
			<item>border-bottom-left-radius</item>
			<item>border-bottom-right-radius</item>
			<item>border-bottom-style</item>
			<item>border-bottom-width</item>
			<item>border-collapse</item>
			<item>border-color</item>
			<item>border-image</item>
			<item>border-image-outset</item>
			<item>border-image-repeat</item>
			<item>border-image-slice</item>
			<item>border-image-source</item>
			<item>border-image-width</item>
			<item>border-left</item>
			<item>border-left-color</item>
			<item>border-left-style</item>
			<item>border-left-width</item>
			<item>border-radius</item>
			<item>border-right</item>
			<item>border-right-color</item>
			<item>border-right-style</item>
			<item>border-right-width</item>
			<item>border-spacing</item>
			<item>border-style</item>
			<item>border-top</item>
			<item>border-top-color</item>
			<item>border-top-left-radius</item>
			<item>border-top-right-radius</item>
			<item>border-top-style</item>
			<item>border-top-width</item>
			<item>border-width</item>
			<item>bottom</item>
			<item>box-shadow</item>
			<item>box-sizing</item>
			<item>caption-side</item>
			<item>caret-color</item>
			<item>@charset</item>
			<item>clear</item>
			<item>clip</item>
			<item>color</item>
			<item>column-count</item>
			<item>column-fill</item>
			<item>column-gap</item>
			<item>column-rule</item>
			<item>column-rule-color</item>
			<item>column-rule-style</item>
			<item>column-rule-width</item>
			<item>column-span</item>
			<item>column-width</item>
			<item>columns</item>
			<item>content</item>
			<item>counter-increment</item>
			<item>counter-reset</item>
			<item>cursor</item>
			<item>direction</item>
			<item>display</item>
			<item>empty-cells</item>
			<item>filter</item>
			<item>flex</item>
			<item>flex-basis</item>
			<item>flex-direction</item>
			<item>flex-flow</item>
			<item>flex-grow</item>
			<item>flex-shrink</item>
			<item>flex-wrap</item>
			<item>float</item>
			<item>font</item>
			<item>@font-face</item>
			<item>font-family</item>
			<item>font-kerning</item>
			<item>font-size</item>
			<item>font-size-adjust</item>
			<item>font-stretch</item>
			<item>font-style</item>
			<item>font-variant</item>
			<item>font-weight</item>
			<item>hanging-punctuation</item>
			<item>height</item>
			<item>justify-content</item>
			<item>@keyframes</item>
			<item>left</item>
			<item>letter-spacing</item>
			<item>line-height</item>
			<item>list-style</item>
			<item>list-style-image</item>
			<item>list-style-position</item>
			<item>list-style-type</item>
			<item>margin</item>
			<item>margin-bottom</item>
			<item>margin-left</item>
			<item>margin-right</item>
			<item>margin-top</item>
			<item>max-height</item>
			<item>max-width</item>
			<item>@media</item>
			<item>min-height</item>
			<item>min-width</item>
			<item>opacity</item>
			<item>order</item>
			<item>outline</item>
			<item>outline-color</item>
			<item>outline-offset</item>
			<item>outline-style</item>
			<item>outline-width</item>
			<item>overflow</item>
			<item>overflow-x</item>
			<item>overflow-y</item>
			<item>padding</item>
			<item>padding-bottom</item>
			<item>padding-left</item>
			<item>padding-right</item>
			<item>padding-top</item>
			<item>page-break-after</item>
			<item>page-break-before</item>
			<item>page-break-inside</item>
			<item>perspective</item>
			<item>perspective-origin</item>
			<item>position</item>
			<item>quotes</item>
			<item>resize</item>
			<item>right</item>
			<item>tab-size</item>
			<item>table-layout</item>
			<item>text-align</item>
			<item>text-align-last</item>
			<item>text-decoration</item>
			<item>text-decoration-color</item>
			<item>text-decoration-line</item>
			<item>text-decoration-style</item>
			<item>text-indent</item>
			<item>text-justify</item>
			<item>text-overflow</item>
			<item>text-shadow</item>
			<item>text-transform</item>
			<item>top</item>
			<item>transform</item>
			<item>transform-origin</item>
			<item>transform-style</item>
			<item>transition</item>
			<item>transition-delay</item>
			<item>transition-duration</item>
			<item>transition-property</item>
			<item>transition-timing-function</item>
			<item>unicode-bdi</item>
			<item>user-select</item>
			<item>vertical-align</item>
			<item>visibility</item>
			<item>white-space</item>
			<item>width</item>
			<item>word-break</item>
			<item>word-spacing</item>
			<item>word-wrap</item>
			<item>z-index</item>
		</group>
	</single>
	<multi>
		<!--comments-->
		<group>
			<format color="#0066ff" weight="75" />
			<item>
				<start>/\*</start>
				<end>\*/</end>
			</item>
		</group>
	</multi>
</syntax> 
