<?xml version="1.0"?>
<syntax name="HTML">
	<mime type="text/html" />
	<mime type="text/x-html" />
	<extension name=".html" />
	<extension name=".htm" />
	<global>
		<class name="Elements">
			<item>a</item>
			<item>abbr</item>
			<item>address</item>
			<item>area</item>
			<item>article</item>
			<item>aside</item>
			<item>audio</item>
			<item>b</item>
			<item>base</item>
			<item>bdi</item>
			<item>bdo</item>
			<item>blockquote</item>
			<item>body</item>
			<item>br</item>
			<item>button</item>
			<item>canvas</item>
			<item>caption</item>
			<item>cite</item>
			<item>code</item>
			<item>col</item>
			<item>colgroup</item>
			<item>datalist</item>
			<item>dd</item>
			<item>del</item>
			<item>details</item>
			<item>dfn</item>
			<item>dialog</item>
			<item>div</item>
			<item>dl</item>
			<item>dt</item>
			<item>em</item>
			<item>embed</item>
			<item>fieldset</item>
			<item>figcaption</item>
			<item>figure</item>
			<item>footer</item>
			<item>form</item>
			<item>h1</item>
			<item>h2</item>
			<item>h3</item>
			<item>h4</item>
			<item>h5</item>
			<item>h6</item>
			<item>head</item>
			<item>header</item>
			<item>hr</item>
			<item>html</item>
			<item>i</item>
			<item>iframe</item>
			<item>img</item>
			<item>input</item>
			<item>ins</item>
			<item>kbd</item>
			<item>keygen</item>
			<item>label</item>
			<item>legend</item>
			<item>li</item>
			<item>link</item>
			<item>main</item>
			<item>map</item>
			<item>mark</item>
			<item>menu</item>
			<item>menuitem</item>
			<item>meta</item>
			<item>meter</item>
			<item>nav</item>
			<item>noscript</item>
			<item>object</item>
			<item>ol</item>
			<item>optgroup</item>
			<item>option</item>
			<item>output</item>
			<item>p</item>
			<item>param</item>
			<item>picture</item>
			<item>pre</item>
			<item>progress</item>
			<item>q</item>
			<item>rp</item>
			<item>rt</item>
			<item>ruby</item>
			<item>s</item>
			<item>samp</item>
			<item>script</item>
			<item>section</item>
			<item>select</item>
			<item>small</item>
			<item>source</item>
			<item>span</item>
			<item>strong</item>
			<item>style</item>
			<item>sub</item>
			<item>summary</item>
			<item>sup</item>
			<item>table</item>
			<item>tbody</item>
			<item>td</item>
			<item>textarea</item>
			<item>tfoot</item>
			<item>th</item>
			<item>thead</item>
			<item>time</item>
			<item>title</item>
			<item>tr</item>
			<item>track</item>
			<item>u</item>
			<item>ul</item>
			<item>var</item>
			<item>video</item>
			<item>wbr</item>
		</class>
	</global>
	<single>
		<!--Elements that begin with an exclamation point-->
		<group>
			<format color="#ff0066" weight="75" />
			<pattern>
				<start>&lt;</start>
				<end>[^&gt;]*&gt;</end>
			</pattern>
			<item>!</item>
		</group>
		<!--Empty elements-->
		<group>
			<format color="#008060" weight="75" />
			<pattern>
				<start>&lt;</start>
				<end> /&gt;</end>
			</pattern>
			<use-class name="Elements" />
		</group>
		<!--Opening tags-->
		<group>
			<format color="#008060" weight="75" />
			<pattern>
				<start>&lt;</start>
				<end>[^&gt;]*&gt;</end>
			</pattern>
			<use-class name="Elements" />
		</group>
		<!--Closing tags-->
		<group>
			<format color="#008060" weight="75" />
			<pattern>
				<start>&lt;/</start>
				<end>&gt;</end>
			</pattern>
			<use-class name="Elements" />
		</group>
		<!--double quotes-->
		<group>
			<format color="#ff33cc" weight="75" />
			<pattern>
				<start>"</start>
				<end>[^"]*"</end>
			</pattern>
			<item></item>
		</group>
		<!--special elements-->
		<group>
			<format color="#cc00cc" weight="75" />
			<pattern>
				<start>&amp;[^;]*</start>
				<end>;</end>
			</pattern>
			<item></item>
		</group>
	</single>
	<multi>
		<!--comments-->
		<group>
			<format color="#0066ff" weight="75" />
			<item>
				<start>&lt;!--</start>
				<end>--&gt;</end>
			</item>
		</group>
	</multi>
</syntax> 
