<?xml version="1.0"?>
<syntax name="Java">
	<mime type="text/x-java" />
	<extension name=".java" />
	<single>
		<!--operators-->
		<group>
			<format color="#cc33ff" weight="75" />
			<pattern>
				<start>\b</start>
				<end>\b</end>
			</pattern>
			<item>assert</item>
			<item>break</item>
			<item>case</item>
			<item>catch</item>
			<item>continue</item>
			<item>default</item>
			<item>do</item>
			<item>else</item>
			<item>finally</item>
			<item>for</item>
			<item>if</item>
			<item>new</item>
			<item>return</item>
			<item>super</item>
			<item>switch</item>
			<item>this</item>
			<item>throw</item>
			<item>try</item>
			<item>while</item>
		</group>
		<!--datatypes-->
		<group>
			<format color="#33cc33" weight="75" />
			<pattern>
				<start>\b</start>
				<end>\b</end>
			</pattern>
			<item>abstract</item>
			<item>boolean</item>
			<item>byte</item>
			<item>char</item>
			<item>class</item>
			<item>double</item>
			<item>enum</item>
			<item>extends</item>
			<item>final</item>
			<item>float</item>
			<item>implements</item>
			<item>instanceof</item>
			<item>int</item>
			<item>interface</item>
			<item>long</item>
			<item>native</item>
			<item>private</item>
			<item>protected</item>
			<item>public</item>
			<item>short</item>
			<item>static</item>
			<item>strictfp</item>
			<item>synchronized</item>
			<item>throws</item>
			<item>transient</item>
			<item>void</item>
			<item>volatile</item>
		</group>
		<!--the import/package statements-->
		<group>
			<format color="#996600" weight="50" />
			<pattern>
				<start>\b</start>
				<end>\b</end>
			</pattern>
			<item>import</item>
			<item>package</item>
		</group>
		<!--single-line comments-->
		<group>
			<format color="#0066ff" weight="75" />
			<pattern>
				<start></start>
				<end>[^\n]*</end>
			</pattern>
			<item>//</item>
		</group>
		<!--double quotes-->
		<group>
			<format color="#ff33cc" weight="75" />
			<pattern>
				<start>"</start>
				<end>[^"]*"</end>
			</pattern>
			<item></item>
		</group>
		<!--single quotes-->
		<group>
			<format color="#ff33cc" weight="75" />
			<pattern>
				<start>'</start>
				<end>[^']*'</end>
			</pattern>
			<item></item>
		</group>
	</single>
	<multi>
		<!--multiline comments-->
		<group>
			<format color="#0066ff" weight="75" />
			<item>
				<start>/\*</start>
				<end>\*/</end>
			</item>
		</group>
	</multi>
</syntax> 
