<?xml version="1.0" encoding="utf-8"?><feed xmlns="http://www.w3.org/2005/Atom" ><generator uri="https://jekyllrb.com/" version="4.2.2">Jekyll</generator><link href="http://localhost:4000/feed.xml" rel="self" type="application/atom+xml" /><link href="http://localhost:4000/" rel="alternate" type="text/html" /><updated>2022-04-28T14:52:54-04:00</updated><id>http://localhost:4000/feed.xml</id><title type="html">OOTO Project</title><subtitle>Write an awesome description for your new site here. You can edit this line in _config.yml. It will appear in your document head meta (for Google search results) and in your feed.xml site description.</subtitle><entry><title type="html">New Project: MiniLex</title><link href="http://localhost:4000/updates/2022/03/10/new_proj_minilex.html" rel="alternate" type="text/html" title="New Project: MiniLex" /><published>2022-03-10T00:00:00-05:00</published><updated>2022-03-10T00:00:00-05:00</updated><id>http://localhost:4000/updates/2022/03/10/new_proj_minilex</id><content type="html" xml:base="http://localhost:4000/updates/2022/03/10/new_proj_minilex.html"><![CDATA[<p>Today I published a new project: MiniLex.</p>

<p>MiniLex is a simple, minimalist lexical analyzer generator. It began life once again due to my laziness. Regardless of what language you are parsing, lexical analyzers are very similar. The only difference is what elements are considered keywords, symbols, literals, and so forth. Because of these similarities, lexical analyzers can be generated rather easily.</p>

<p>Because of the similarities of lexical analyzers, I found myself recycling a very stable one I wrote a while back for the Orka project. While copying and changing the code for each new project isn’t that big of a deal, its tedious, error-prone, and a little time consuming. When I began some new projects over spring break, I got to thinking that I could probably write a generator rather easily. And thus the project was born.</p>

<p>MiniLex generates a C++ lexical analyzer based on the original one from Orka. The analyzer itself is written in Python. This is one area where I think Python really outdoes itself. Python makes quick file parsing tasks surprisingly easy, and its sufficiently expressive to work with a variety of list types. While I’m not usually a Python fan, this is one area where I do like it.</p>

<p>Feel free to check it out <a href="/tools/minilex">here</a>!</p>]]></content><author><name></name></author><category term="updates" /><summary type="html"><![CDATA[Today I published a new project: MiniLex.]]></summary></entry><entry><title type="html">Tiny Lang: Updates</title><link href="http://localhost:4000/updates/%22tiny/lang%22/2022/01/30/tiny_lang_updates.html" rel="alternate" type="text/html" title="Tiny Lang: Updates" /><published>2022-01-30T00:00:00-05:00</published><updated>2022-01-30T00:00:00-05:00</updated><id>http://localhost:4000/updates/%22tiny/lang%22/2022/01/30/tiny_lang_updates</id><content type="html" xml:base="http://localhost:4000/updates/%22tiny/lang%22/2022/01/30/tiny_lang_updates.html"><![CDATA[<p>This is actually more about updates to the reference implementation than the language itself. I was working on a new compiler project that I forked from Tiny Lang, and I was very happy with the changes (they were much needed to-do list items anyway…), so I decided to add them back to the Tiny codebase. Its not a huge update, but its worth noting.</p>

<p>The first update is an optional semantic change to the way structures are handled (this only affects compiled implementations). Originally, structures were allocated within the stack, and passed by copy to other functions. This is poor design and a pain for obvious reasons. To make things easier, structures are allocated on the heap and passed by reference everywhere else. This change only affects the compiled LLVM implementation. At the time of writing, I haven’t made any changes to the LLIR implementation.</p>

<p>The second update is within the frontend. I finally did a much needed rewrite of the expression parser. Rather than the overly complicated set of parameters, it takes fewer parameters and returns an expression object, which is more portable across use cases. I also made a change to statement and function call AST objects. All statements only have one expression object. For function calls and potentially any other statements that require an expression list, an object called the AstExprList is used.</p>

<p>Finally, the boolean operators AND (<code class="language-plaintext highlighter-rouge">&amp;&amp;</code>) and OR (<code class="language-plaintext highlighter-rouge">||</code>) are now fully supported in the compilers- both the LLIR and the LLVM versions. The LLVM originally had a version that implemented this, but they relied on the newer LLVM 13 API. The new solution works just as well with existing APIs, and can be used within LLIR.</p>

<p>Don’t hesitate to send any suggestions for the project!</p>]]></content><author><name></name></author><category term="updates" /><category term="&quot;tiny" /><category term="lang&quot;" /><summary type="html"><![CDATA[This is actually more about updates to the reference implementation than the language itself. I was working on a new compiler project that I forked from Tiny Lang, and I was very happy with the changes (they were much needed to-do list items anyway…), so I decided to add them back to the Tiny codebase. Its not a huge update, but its worth noting.]]></summary></entry><entry><title type="html">New Project: LLIR</title><link href="http://localhost:4000/updates/2022/01/28/new_proj_llir.html" rel="alternate" type="text/html" title="New Project: LLIR" /><published>2022-01-28T00:00:00-05:00</published><updated>2022-01-28T00:00:00-05:00</updated><id>http://localhost:4000/updates/2022/01/28/new_proj_llir</id><content type="html" xml:base="http://localhost:4000/updates/2022/01/28/new_proj_llir.html"><![CDATA[<p>Hello everyone! Today, I’m announcing a new project: LLIR.</p>

<p>LLIR is a compiler midend/backend framework with a similar design and purpose to LLVM. It was created in response to me wanting a hackable and easy-to-work with backend that I could do experiments on. While LLVM is great for easily writing compilers, its too big to do certain things with.</p>

<p>To learn more about the project, and to see the documentation and source code, see <a href="/projects/llir">here</a>.</p>]]></content><author><name></name></author><category term="updates" /><summary type="html"><![CDATA[Hello everyone! Today, I’m announcing a new project: LLIR.]]></summary></entry><entry><title type="html">Welcome!</title><link href="http://localhost:4000/none/2022/01/27/welcome.html" rel="alternate" type="text/html" title="Welcome!" /><published>2022-01-27T00:00:00-05:00</published><updated>2022-01-27T00:00:00-05:00</updated><id>http://localhost:4000/none/2022/01/27/welcome</id><content type="html" xml:base="http://localhost:4000/none/2022/01/27/welcome.html"><![CDATA[<p>Welcome to the Out of the Ordinary Project. Yes, I know its cheesy but all the typical techy names have been taken. An as a direct product of that, so are the domain names.</p>

<p>Anyway. Welcome to the project! This project is dedicated to exploring unusual software ideas and encouraging innovation. It originally started as my goal to better show my work and ideas without me being so much in the foreground (as on my personal website).</p>

<p>While the main purpose of this site is to showcase work and ideas, I also hope to create a learning tool with it by writing various tutorials on subjects not often write about (for example, good VHDL stuff and LLVM stuff are both hard to find). In the end, one could say the central purpose of this site is for learning.</p>

<p>If you are interested in the project, feel free to contribute! Head over to the about page to learn more, or the contact page to get in touch.</p>

<p>I hope you’ll come back often, visit, and learn!</p>]]></content><author><name></name></author><category term="none" /><summary type="html"><![CDATA[Welcome to the Out of the Ordinary Project. Yes, I know its cheesy but all the typical techy names have been taken. An as a direct product of that, so are the domain names.]]></summary></entry></feed>